timestamp,user_id,question,category,document_titles,document_contents,document_scores,generated_answer,user_rating
"02.07.2025 17:26:49","1642030274","Что понимается под термином «документированная информация» в правилах организации?","Учебная_база","РК-8-2024. ПРАВИЛА ОРГАНИЗАЦИИ. РУКОВОДСТВО ПО КАЧЕСТВУ РАБОТ ПО ПОВЕРКЕ СРЕДСТВ ИЗМЕРЕНИЙ
-----------  
ПВ-5-2023. ПРАВИЛА ОРГАНИЗАЦИИ. УПРАВЛЕНИЕ ДОКУМЕНТИРОВАННОЙ ИНФОРМАЦИЕЙ
-----------  
ПВ-5-2023. ПРАВИЛА ОРГАНИЗАЦИИ. УПРАВЛЕНИЕ ДОКУМЕНТИРОВАННОЙ ИНФОРМАЦИЕЙ
-----------  
ПВ-5-2023. ПРАВИЛА ОРГАНИЗАЦИИ. УПРАВЛЕНИЕ ДОКУМЕНТИРОВАННОЙ ИНФОРМАЦИЕЙ
-----------  
СТО 070-006-2017. Система менеджмента. УПРАВЛЕНИЕ ДОКУМЕНТИРОВАННОЙ ИНФОРМАЦИЕЙ
-----------  
СТО 070-006-2017. Система менеджмента. УПРАВЛЕНИЕ ДОКУМЕНТИРОВАННОЙ ИНФОРМАЦИЕЙ","1. Область применения
Настоящий документ - Правила организации (Руководство по качеству) определяет общие правила и принципы организации работ по поверке средств измерений, проводимым в службе по обеспечению единства измерений, в т.ч. для выполнения требований Критериев аккредитации....
-----------  
1. Зафиксированная на материальном носителе путем документирования информация с реквизитами, позволяющими определить такую информацию или в установленных законодательством Российской Федерации случаях ее материальный носитель (Федеральный закон «Об информации, информационных технологиях и о защите информации» № 149-ФЗ от 27.07.2006 ст. 2 п. 11);
2. Информация, которая должна управляться и поддерживаться организацией, и носитель, который ее содержит (ГОСТ Р ИСО 9000 п. 3.8.6);
Примечания
1 Докуме...
-----------  
1. Зафиксированная на материальном носителе путем документирования информация с реквизитами, позволяющими определить такую информацию или в установленных законодательством Российской Федерации случаях ее материальный носитель (Федеральный закон «Об информации, информационных технологиях и о защите информации» № 149-ФЗ от 27.07.2006 ст. 2 п. 11);
2. Информация, которая должна управляться и поддерживаться организацией, и носитель, который ее содержит (ГОСТ Р ИСО 9000 п. 3.8.6);
Примечания
1 Докуме...
-----------  
1. Зафиксированная на материальном носителе путем документирования информация с реквизитами, позволяющими определить такую информацию или в установленных законодательством Российской Федерации случаях ее материальный носитель (Федеральный закон «Об информации, информационных технологиях и о защите информации» № 149-ФЗ от 27.07.2006 ст. 2 п. 11);
2. Информация, которая должна управляться и поддерживаться организацией, и носитель, который ее содержит (ГОСТ Р ИСО 9000 п. 3.8.6);
Примечания
1 Докуме...
-----------  
3.9 документ: информация и носитель, на котором эта информация представлена, имеющий признаки, идентифицирующие его создание и утверждение (подписание, одобрение) - временные, относительно лиц/организаций;
Примечания
1. Документы могут иметь внешнее или внутреннее происхождение.
2. К документам ЗАО «М-Стандарт» относятся выдаваемые от лица ЗАО «М-Стандарт» и передаваемые заказчикам отчетные документы по результатам проведения работ, внутренние нормативные (процедурные) документы, организационно-...
-----------  
3.9 документ: информация и носитель, на котором эта информация представлена, имеющий признаки, идентифицирующие его создание и утверждение (подписание, одобрение) - временные, относительно лиц/организаций;
Примечания
1. Документы могут иметь внешнее или внутреннее происхождение.
2. К документам ЗАО «М-Стандарт» относятся выдаваемые от лица ЗАО «М-Стандарт» и передаваемые заказчикам отчетные документы по результатам проведения работ, внутренние нормативные (процедурные) документы, организационно-...","0.800336
-------  
0.799069
-------  
0.795251
-------  
0.794007
-------  
0.791885
-------  
0.789881","Вы хотите узнать определение термина "документированная информация", как оно трактуется в нормативных документах нашей организации?

Ответ:
Под термином "документированная информация" подразумевают зафиксированную на материальном носителе информацию с реквизитами, которые позволяют однозначно её идентифицировать. Это может быть любая значимая информация, представленная в виде текста, изображения, звука и других форматов, созданная внутри компании или поступившая извне. Она включает в себя документацию, необходимую для работы организации, а также сведения о результатах выполненных задач и процессов управления качеством.

Источник: СТО 070-006-2017

Предупреждение: пожалуйста, перепроверяйте предоставленную мной информацию по официальным источникам.

Оцените мой ответ по шкале от 1 до 5, это поможет улучшить качество обслуживания.","5"
"02.07.2025 17:42:34","1642030274","Какой порядок формирования проекта внутреннего процедурного документа описан в документе?","Учебная_база","ПВ-5-2023. ПРАВИЛА ОРГАНИЗАЦИИ. УПРАВЛЕНИЕ ДОКУМЕНТИРОВАННОЙ ИНФОРМАЦИЕЙ
-----------  
ПВ-5-2023. ПРАВИЛА ОРГАНИЗАЦИИ. УПРАВЛЕНИЕ ДОКУМЕНТИРОВАННОЙ ИНФОРМАЦИЕЙ
-----------  
ПВ-5-2023. ПРАВИЛА ОРГАНИЗАЦИИ. УПРАВЛЕНИЕ ДОКУМЕНТИРОВАННОЙ ИНФОРМАЦИЕЙ
-----------  
ПВ-5-2023. ПРАВИЛА ОРГАНИЗАЦИИ. УПРАВЛЕНИЕ ДОКУМЕНТИРОВАННОЙ ИНФОРМАЦИЕЙ
-----------  
СТО 070-006-2017. Система менеджмента. УПРАВЛЕНИЕ ДОКУМЕНТИРОВАННОЙ ИНФОРМАЦИЕЙ
-----------  
ПВ-5-2023. ПРАВИЛА ОРГАНИЗАЦИИ. УПРАВЛЕНИЕ ДОКУМЕНТИРОВАННОЙ ИНФОРМАЦИЕЙ","9.2 Внутренние процедурные документы уровня рабочих порядков создаются на основе принципов и положений документов уровня правил организации, развивают и уточняют данные принципы и положения.
В системе 1С ЭДО М-Стандарт данные соответствующие правила организации и рабочие порядки формируются как связанные внутренние документы....
-----------  
Порядок реализации этапов жизненного цикла процедурного документа:
Этап	Реализация этапа	Примечание
Распространение документа	Ознакомление с внутренними процедурными документами осуществляется посредством направления электронного документа процессом ознакомления 1С ЭДО М-Стандарт сотрудникам, к выполнению функций которых относятся положения документа. 
Получившее документ для ознакомления лицо после знакомства с содержащимися в документе положениями проставляет отметку об ознакомлении, чем в т.ч...
-----------  
9.6 Жизненный цикл процедурных документов состоит из этапов:
- формирования проекта (при необходимости – с обсуждением),
- согласования проекта (при необходимости),
- одобрения (утверждение, подписание) документа соответствующим руководителем;
- распространение документа,
- реализация положений документа в деятельности, актуализация документа (при необходимости),
- отмена действия документа....
-----------  
1. Зафиксированная на материальном носителе путем документирования информация с реквизитами, позволяющими определить такую информацию или в установленных законодательством Российской Федерации случаях ее материальный носитель (Федеральный закон «Об информации, информационных технологиях и о защите информации» № 149-ФЗ от 27.07.2006 ст. 2 п. 11);
2. Информация, которая должна управляться и поддерживаться организацией, и носитель, который ее содержит (ГОСТ Р ИСО 9000 п. 3.8.6);
Примечания
1 Докуме...
-----------  
Таблица 10 – Управление внутренними нормативными документами
Описание	Ответственный руководитель	Исполнитель	Срок исполнения / 
Примечание
14.6 Утверждение внутреннего НД
Внутренние нормативные документы утверждают:
- стандарты организации, руководства по качеству (системам менеджмента), внутренние нормативные документы, регламентирующие вопросы деятельности нескольких структурных подразделений (служб), а также документы, содержащие нормативные положения для руководителей – генеральный директор;...
-----------  
Порядок реализации этапов жизненного цикла процедурного документа:
Этап	Реализация этапа	Примечание
Формирование проекта	При разработке проекта документа определяют требования к содержанию документа, проводят сбор и обработку материала (при необходимости данные от заинтересованных подразделений).
При наличии внешних НД, регламентирующих область деятельности, на которую распространяется проект, положения проекта внутреннего НД не должны противоречить положениям внешних НД. 
Проект документа фикси...","0.80696
-------  
0.804802
-------  
0.80461
-------  
0.804337
-------  
0.803659
-------  
0.801863","Правильно ли я понимаю, что вас интересует именно процесс разработки и утверждения внутренних нормативных документов вашей организации?

Если да, то вот краткий ответ:

Процесс формирования проекта внутреннего процедурного документа включает следующие шаги:

1. Определение требований к содержанию документа.
2. Сбор и обработка материалов (если необходимо, запрашиваются данные у других подразделений).
3. Проект документа регистрируется в информационной системе 1С ЭДО М-Стандарт.
4. При необходимости проект направляется заинтересованным лицам для обсуждения и внесения предложений.

Выдержка из документа: **ПВ-5-2023**.

Напоминаю, что всегда полезно перепроверять информацию по оригиналу документа.

Оцените мой ответ по шкале от 1 до 5, пожалуйста! Это очень поможет мне улучшить качество консультаций.","5"
"02.07.2025 17:44:14","1642030274","Какие формы существуют для ведения ДОКИ в ЗАО «М-Стандарт», и какая из них предпочтительна?","Учебная_база","ПВ-5-2023. ПРАВИЛА ОРГАНИЗАЦИИ. УПРАВЛЕНИЕ ДОКУМЕНТИРОВАННОЙ ИНФОРМАЦИЕЙ
-----------  
ПВ-5-2023. ПРАВИЛА ОРГАНИЗАЦИИ. УПРАВЛЕНИЕ ДОКУМЕНТИРОВАННОЙ ИНФОРМАЦИЕЙ
-----------  
ПВ-5-2023. ПРАВИЛА ОРГАНИЗАЦИИ. УПРАВЛЕНИЕ ДОКУМЕНТИРОВАННОЙ ИНФОРМАЦИЕЙ
-----------  
СТО 070-006-2017. Система менеджмента. УПРАВЛЕНИЕ ДОКУМЕНТИРОВАННОЙ ИНФОРМАЦИЕЙ
-----------  
СТО 070-006-2017. Система менеджмента. УПРАВЛЕНИЕ ДОКУМЕНТИРОВАННОЙ ИНФОРМАЦИЕЙ
-----------  
СТО 070-006-2017. Система менеджмента. УПРАВЛЕНИЕ ДОКУМЕНТИРОВАННОЙ ИНФОРМАЦИЕЙ","6.3.3 Информация о составе и видах ведущейся в ЗАО «М-Стандарт» ДОКИ, формах и местах хранения, резервного копирования, ответственных за ведение регистрируется в номенклатуре дел ЗАО «М-Стандарт», которая формируется согласно соответствующему рабочему порядку....
-----------  
ПОЛОЖЕНИЯ ДОКУМЕНТА
6 Общие положения о ведении внутренней документированной информации в ЗАО «М-Стандарт»
6.1 Формы ведения ДОКИ
ДОКИ в ЗАО «М-Стандарт» ведутся одним из следующих способов:
- в виде электронных документов;
- в виде документов на бумажных носителях.
Предпочтительной формой ведения ДОКИ является ведение электронных документов....
-----------  
6.3.4 Для унификации создаваемых образов документов могут создаваться одобренные формы документов, с набором предзаполненных реквизитов и информации для конкретного вида документов, данные формы создаются с соблюдением установленных положений к содержанию документа.
Одобренные формы документов создаются / организуется создание лицами, ответственными за управление соответствующими внутренними процедурными документами или руководителями подразделений, реализующих положения нормативных /процедурных...
-----------  
Таблица 4 – Управление записями
Описание	Ответственный руководитель	Исполнитель	Срок исполнения/Примечание
7.1.2 Определение вида и формы ведения записей
Вид и при необходимости форма ведения записей определяется перед началом ведения записи, в процессе ведения записи форма может быть изменена.
Форма ведения записи может быть зафиксирована исходя из следующих вариантов:
- форма, регламентированная в виде приложения к внутреннему нормативному документу (стандарту организации, инструкции, методике...
-----------  
5.4 ДОКИ СМ М-Стандарт представлена на бумажных носителях информации, на электронных носителях информации с резервным копированием и сохранением; сопровождающие их записи (пояснительная записка и пр.) могут быть представлены на бумажных и электронных носителях информации.
Внутренние документы СМ М-Стандарт учитываются в перечнях документов систем менеджмента с внесением информации о шифре и наименовании документа, дате введения, изменениях. Перечню присваивается шифр «ПД» с указанием далее года ...
-----------  
8 Управление ДОКИ на электронных носителях
8.1 Хранение и использование ДОКИ на электронных носителях
8.1.1 Доступ к электронной ДОКИ, хранящаяся в получаемых от внешних поставщиков базах данных общего доступа (базы данных нормативных документов - «ИАС Госреестр средств измерений», «Техэксперт…» и др.) организуется отделом АСУ (в форме онлайн-доступа, размещения баз данных в электронных ресурсах ЗАО «М-Стандарт». Ответственность за достоверность и аутентичность документов несет поставщик соответ...","0.804005
-------  
0.800171
-------  
0.796173
-------  
0.795181
-------  
0.785783
-------  
0.78446","Вы хотите знать, какие формы предусмотрены для ведения документированной информации (ДОКИ) в нашем предприятии и какую из них лучше использовать?

Отвечаю:
В ЗАО «М-Стандарт» предусмотрено два основных формата ведения ДОКИ:
- Электронные документы.
- Документы на бумажных носителях.

Рекомендуется вести документацию именно в электронном формате — так удобнее хранить, искать информацию и делать резервные копии.

Эти сведения взяты из документа **«ПВ-5-2023. Правила организации. Управление документированной информацией»**.

Напоминаю, пожалуйста, перепроверяйте всю информацию в официальных источниках!

Оцените мой ответ от 1 до 5, это очень поможет мне улучшить качество консультаций!","5"
